{
	"partitions" : [
		{
			"name" : "Top",
			"pins" : [
				{
					"name" : "ldData",
					"strict" : false
				},
				{
					"name" : "ldKey",
					"strict" : false
				},
				{
					"name" : "doneData",
					"strict" : false
				},
				{
					"name" : "doneKey",
					"strict" : false
				},
				{
					"name" : "cipher[0]",
					"strict" : false
				},
				{
					"name" : "cipher[1]",
					"strict" : false
				},
				{
					"name" : "cipher[2]",
					"strict" : false
				},
				{
					"name" : "cipher[3]",
					"strict" : false
				},
				{
					"name" : "cipher[4]",
					"strict" : false
				},
				{
					"name" : "cipher[5]",
					"strict" : false
				},
				{
					"name" : "cipher[6]",
					"strict" : false
				},
				{
					"name" : "cipher[7]",
					"strict" : false
				},
				{
					"name" : "cipher[8]",
					"strict" : false
				},
				{
					"name" : "cipher[9]",
					"strict" : false
				},
				{
					"name" : "cipher[10]",
					"strict" : false
				},
				{
					"name" : "cipher[11]",
					"strict" : false
				},
				{
					"name" : "cipher[12]",
					"strict" : false
				},
				{
					"name" : "cipher[13]",
					"strict" : false
				},
				{
					"name" : "cipher[14]",
					"strict" : false
				},
				{
					"name" : "cipher[15]",
					"strict" : false
				},
				{
					"name" : "cipher[16]",
					"strict" : false
				},
				{
					"name" : "cipher[17]",
					"strict" : false
				},
				{
					"name" : "cipher[18]",
					"strict" : false
				},
				{
					"name" : "cipher[19]",
					"strict" : false
				},
				{
					"name" : "cipher[20]",
					"strict" : false
				},
				{
					"name" : "cipher[21]",
					"strict" : false
				},
				{
					"name" : "cipher[22]",
					"strict" : false
				},
				{
					"name" : "cipher[23]",
					"strict" : false
				},
				{
					"name" : "cipher[24]",
					"strict" : false
				},
				{
					"name" : "cipher[25]",
					"strict" : false
				},
				{
					"name" : "cipher[26]",
					"strict" : false
				},
				{
					"name" : "cipher[27]",
					"strict" : false
				},
				{
					"name" : "cipher[28]",
					"strict" : false
				},
				{
					"name" : "cipher[29]",
					"strict" : false
				},
				{
					"name" : "cipher[30]",
					"strict" : false
				},
				{
					"name" : "cipher[31]",
					"strict" : false
				},
				{
					"name" : "cipher[32]",
					"strict" : false
				},
				{
					"name" : "cipher[33]",
					"strict" : false
				},
				{
					"name" : "cipher[34]",
					"strict" : false
				},
				{
					"name" : "cipher[35]",
					"strict" : false
				},
				{
					"name" : "cipher[36]",
					"strict" : false
				},
				{
					"name" : "cipher[37]",
					"strict" : false
				},
				{
					"name" : "cipher[38]",
					"strict" : false
				},
				{
					"name" : "cipher[39]",
					"strict" : false
				},
				{
					"name" : "cipher[40]",
					"strict" : false
				},
				{
					"name" : "cipher[41]",
					"strict" : false
				},
				{
					"name" : "cipher[42]",
					"strict" : false
				},
				{
					"name" : "cipher[43]",
					"strict" : false
				},
				{
					"name" : "cipher[44]",
					"strict" : false
				},
				{
					"name" : "cipher[45]",
					"strict" : false
				},
				{
					"name" : "cipher[46]",
					"strict" : false
				},
				{
					"name" : "cipher[47]",
					"strict" : false
				},
				{
					"name" : "cipher[48]",
					"strict" : false
				},
				{
					"name" : "cipher[49]",
					"strict" : false
				},
				{
					"name" : "cipher[50]",
					"strict" : false
				},
				{
					"name" : "cipher[51]",
					"strict" : false
				},
				{
					"name" : "cipher[52]",
					"strict" : false
				},
				{
					"name" : "cipher[53]",
					"strict" : false
				},
				{
					"name" : "cipher[54]",
					"strict" : false
				},
				{
					"name" : "cipher[55]",
					"strict" : false
				},
				{
					"name" : "cipher[56]",
					"strict" : false
				},
				{
					"name" : "cipher[57]",
					"strict" : false
				},
				{
					"name" : "cipher[58]",
					"strict" : false
				},
				{
					"name" : "cipher[59]",
					"strict" : false
				},
				{
					"name" : "cipher[60]",
					"strict" : false
				},
				{
					"name" : "cipher[61]",
					"strict" : false
				},
				{
					"name" : "cipher[62]",
					"strict" : false
				},
				{
					"name" : "cipher[63]",
					"strict" : false
				},
				{
					"name" : "cipher[64]",
					"strict" : false
				},
				{
					"name" : "cipher[65]",
					"strict" : false
				},
				{
					"name" : "cipher[66]",
					"strict" : false
				},
				{
					"name" : "cipher[67]",
					"strict" : false
				},
				{
					"name" : "cipher[68]",
					"strict" : false
				},
				{
					"name" : "cipher[69]",
					"strict" : false
				},
				{
					"name" : "cipher[70]",
					"strict" : false
				},
				{
					"name" : "cipher[71]",
					"strict" : false
				},
				{
					"name" : "cipher[72]",
					"strict" : false
				},
				{
					"name" : "cipher[73]",
					"strict" : false
				},
				{
					"name" : "cipher[74]",
					"strict" : false
				},
				{
					"name" : "cipher[75]",
					"strict" : false
				},
				{
					"name" : "cipher[76]",
					"strict" : false
				},
				{
					"name" : "cipher[77]",
					"strict" : false
				},
				{
					"name" : "cipher[78]",
					"strict" : false
				},
				{
					"name" : "cipher[79]",
					"strict" : false
				},
				{
					"name" : "cipher[80]",
					"strict" : false
				},
				{
					"name" : "cipher[81]",
					"strict" : false
				},
				{
					"name" : "cipher[82]",
					"strict" : false
				},
				{
					"name" : "cipher[83]",
					"strict" : false
				},
				{
					"name" : "cipher[84]",
					"strict" : false
				},
				{
					"name" : "cipher[85]",
					"strict" : false
				},
				{
					"name" : "cipher[86]",
					"strict" : false
				},
				{
					"name" : "cipher[87]",
					"strict" : false
				},
				{
					"name" : "cipher[88]",
					"strict" : false
				},
				{
					"name" : "cipher[89]",
					"strict" : false
				},
				{
					"name" : "cipher[90]",
					"strict" : false
				},
				{
					"name" : "cipher[91]",
					"strict" : false
				},
				{
					"name" : "cipher[92]",
					"strict" : false
				},
				{
					"name" : "cipher[93]",
					"strict" : false
				},
				{
					"name" : "cipher[94]",
					"strict" : false
				},
				{
					"name" : "cipher[95]",
					"strict" : false
				},
				{
					"name" : "cipher[96]",
					"strict" : false
				},
				{
					"name" : "cipher[97]",
					"strict" : false
				},
				{
					"name" : "cipher[98]",
					"strict" : false
				},
				{
					"name" : "cipher[99]",
					"strict" : false
				},
				{
					"name" : "cipher[100]",
					"strict" : false
				},
				{
					"name" : "cipher[101]",
					"strict" : false
				},
				{
					"name" : "cipher[102]",
					"strict" : false
				},
				{
					"name" : "cipher[103]",
					"strict" : false
				},
				{
					"name" : "cipher[104]",
					"strict" : false
				},
				{
					"name" : "cipher[105]",
					"strict" : false
				},
				{
					"name" : "cipher[106]",
					"strict" : false
				},
				{
					"name" : "cipher[107]",
					"strict" : false
				},
				{
					"name" : "cipher[108]",
					"strict" : false
				},
				{
					"name" : "cipher[109]",
					"strict" : false
				},
				{
					"name" : "cipher[110]",
					"strict" : false
				},
				{
					"name" : "cipher[111]",
					"strict" : false
				},
				{
					"name" : "cipher[112]",
					"strict" : false
				},
				{
					"name" : "cipher[113]",
					"strict" : false
				},
				{
					"name" : "cipher[114]",
					"strict" : false
				},
				{
					"name" : "cipher[115]",
					"strict" : false
				},
				{
					"name" : "cipher[116]",
					"strict" : false
				},
				{
					"name" : "cipher[117]",
					"strict" : false
				},
				{
					"name" : "cipher[118]",
					"strict" : false
				},
				{
					"name" : "cipher[119]",
					"strict" : false
				},
				{
					"name" : "cipher[120]",
					"strict" : false
				},
				{
					"name" : "cipher[121]",
					"strict" : false
				},
				{
					"name" : "cipher[122]",
					"strict" : false
				},
				{
					"name" : "cipher[123]",
					"strict" : false
				},
				{
					"name" : "cipher[124]",
					"strict" : false
				},
				{
					"name" : "cipher[125]",
					"strict" : false
				},
				{
					"name" : "cipher[126]",
					"strict" : false
				},
				{
					"name" : "cipher[127]",
					"strict" : false
				},
				{
					"name" : "nR",
					"strict" : false
				},
				{
					"name" : "readData",
					"strict" : false
				},
				{
					"name" : "clk",
					"strict" : false
				},
				{
					"name" : "plain[64]",
					"strict" : false
				},
				{
					"name" : "plain[0]",
					"strict" : false
				},
				{
					"name" : "plain[126]",
					"strict" : false
				},
				{
					"name" : "plain[62]",
					"strict" : false
				},
				{
					"name" : "plain[127]",
					"strict" : false
				},
				{
					"name" : "plain[63]",
					"strict" : false
				},
				{
					"name" : "plain[120]",
					"strict" : false
				},
				{
					"name" : "plain[56]",
					"strict" : false
				},
				{
					"name" : "enc_dec",
					"strict" : false
				},
				{
					"name" : "key[1][0]",
					"strict" : false
				},
				{
					"name" : "key[0][0]",
					"strict" : false
				},
				{
					"name" : "key[2][0]",
					"strict" : false
				},
				{
					"name" : "plain[65]",
					"strict" : false
				},
				{
					"name" : "plain[1]",
					"strict" : false
				},
				{
					"name" : "plain[121]",
					"strict" : false
				},
				{
					"name" : "plain[57]",
					"strict" : false
				},
				{
					"name" : "key[1][1]",
					"strict" : false
				},
				{
					"name" : "key[0][1]",
					"strict" : false
				},
				{
					"name" : "key[2][1]",
					"strict" : false
				},
				{
					"name" : "plain[66]",
					"strict" : false
				},
				{
					"name" : "plain[2]",
					"strict" : false
				},
				{
					"name" : "plain[122]",
					"strict" : false
				},
				{
					"name" : "plain[58]",
					"strict" : false
				},
				{
					"name" : "key[1][2]",
					"strict" : false
				},
				{
					"name" : "key[0][2]",
					"strict" : false
				},
				{
					"name" : "key[2][2]",
					"strict" : false
				},
				{
					"name" : "plain[67]",
					"strict" : false
				},
				{
					"name" : "plain[3]",
					"strict" : false
				},
				{
					"name" : "plain[123]",
					"strict" : false
				},
				{
					"name" : "plain[59]",
					"strict" : false
				},
				{
					"name" : "key[1][3]",
					"strict" : false
				},
				{
					"name" : "key[0][3]",
					"strict" : false
				},
				{
					"name" : "key[2][3]",
					"strict" : false
				},
				{
					"name" : "plain[68]",
					"strict" : false
				},
				{
					"name" : "plain[4]",
					"strict" : false
				},
				{
					"name" : "plain[124]",
					"strict" : false
				},
				{
					"name" : "plain[60]",
					"strict" : false
				},
				{
					"name" : "key[1][4]",
					"strict" : false
				},
				{
					"name" : "key[0][4]",
					"strict" : false
				},
				{
					"name" : "key[2][4]",
					"strict" : false
				},
				{
					"name" : "plain[69]",
					"strict" : false
				},
				{
					"name" : "plain[5]",
					"strict" : false
				},
				{
					"name" : "plain[125]",
					"strict" : false
				},
				{
					"name" : "plain[61]",
					"strict" : false
				},
				{
					"name" : "key[1][5]",
					"strict" : false
				},
				{
					"name" : "key[0][5]",
					"strict" : false
				},
				{
					"name" : "key[2][5]",
					"strict" : false
				},
				{
					"name" : "plain[70]",
					"strict" : false
				},
				{
					"name" : "plain[6]",
					"strict" : false
				},
				{
					"name" : "key[1][6]",
					"strict" : false
				},
				{
					"name" : "key[0][6]",
					"strict" : false
				},
				{
					"name" : "key[2][6]",
					"strict" : false
				},
				{
					"name" : "plain[71]",
					"strict" : false
				},
				{
					"name" : "plain[7]",
					"strict" : false
				},
				{
					"name" : "key[1][7]",
					"strict" : false
				},
				{
					"name" : "key[0][7]",
					"strict" : false
				},
				{
					"name" : "key[2][7]",
					"strict" : false
				},
				{
					"name" : "plain[72]",
					"strict" : false
				},
				{
					"name" : "plain[8]",
					"strict" : false
				},
				{
					"name" : "key[1][8]",
					"strict" : false
				},
				{
					"name" : "key[0][8]",
					"strict" : false
				},
				{
					"name" : "key[2][8]",
					"strict" : false
				},
				{
					"name" : "plain[73]",
					"strict" : false
				},
				{
					"name" : "plain[9]",
					"strict" : false
				},
				{
					"name" : "key[1][9]",
					"strict" : false
				},
				{
					"name" : "key[0][9]",
					"strict" : false
				},
				{
					"name" : "key[2][9]",
					"strict" : false
				},
				{
					"name" : "plain[74]",
					"strict" : false
				},
				{
					"name" : "plain[10]",
					"strict" : false
				},
				{
					"name" : "key[1][10]",
					"strict" : false
				},
				{
					"name" : "key[0][10]",
					"strict" : false
				},
				{
					"name" : "key[2][10]",
					"strict" : false
				},
				{
					"name" : "plain[75]",
					"strict" : false
				},
				{
					"name" : "plain[11]",
					"strict" : false
				},
				{
					"name" : "key[1][11]",
					"strict" : false
				},
				{
					"name" : "key[0][11]",
					"strict" : false
				},
				{
					"name" : "key[2][11]",
					"strict" : false
				},
				{
					"name" : "plain[76]",
					"strict" : false
				},
				{
					"name" : "plain[12]",
					"strict" : false
				},
				{
					"name" : "key[1][12]",
					"strict" : false
				},
				{
					"name" : "key[0][12]",
					"strict" : false
				},
				{
					"name" : "key[2][12]",
					"strict" : false
				},
				{
					"name" : "plain[77]",
					"strict" : false
				},
				{
					"name" : "plain[13]",
					"strict" : false
				},
				{
					"name" : "key[1][13]",
					"strict" : false
				},
				{
					"name" : "key[0][13]",
					"strict" : false
				},
				{
					"name" : "key[2][13]",
					"strict" : false
				},
				{
					"name" : "plain[78]",
					"strict" : false
				},
				{
					"name" : "plain[14]",
					"strict" : false
				},
				{
					"name" : "key[1][14]",
					"strict" : false
				},
				{
					"name" : "key[0][14]",
					"strict" : false
				},
				{
					"name" : "key[2][14]",
					"strict" : false
				},
				{
					"name" : "plain[79]",
					"strict" : false
				},
				{
					"name" : "plain[15]",
					"strict" : false
				},
				{
					"name" : "key[1][15]",
					"strict" : false
				},
				{
					"name" : "key[0][15]",
					"strict" : false
				},
				{
					"name" : "key[2][15]",
					"strict" : false
				},
				{
					"name" : "plain[80]",
					"strict" : false
				},
				{
					"name" : "plain[16]",
					"strict" : false
				},
				{
					"name" : "key[1][16]",
					"strict" : false
				},
				{
					"name" : "key[0][16]",
					"strict" : false
				},
				{
					"name" : "key[2][16]",
					"strict" : false
				},
				{
					"name" : "plain[81]",
					"strict" : false
				},
				{
					"name" : "plain[17]",
					"strict" : false
				},
				{
					"name" : "key[1][17]",
					"strict" : false
				},
				{
					"name" : "key[0][17]",
					"strict" : false
				},
				{
					"name" : "key[2][17]",
					"strict" : false
				},
				{
					"name" : "plain[82]",
					"strict" : false
				},
				{
					"name" : "plain[18]",
					"strict" : false
				},
				{
					"name" : "key[1][18]",
					"strict" : false
				},
				{
					"name" : "key[0][18]",
					"strict" : false
				},
				{
					"name" : "key[2][18]",
					"strict" : false
				},
				{
					"name" : "plain[83]",
					"strict" : false
				},
				{
					"name" : "plain[19]",
					"strict" : false
				},
				{
					"name" : "key[1][19]",
					"strict" : false
				},
				{
					"name" : "key[0][19]",
					"strict" : false
				},
				{
					"name" : "key[2][19]",
					"strict" : false
				},
				{
					"name" : "plain[84]",
					"strict" : false
				},
				{
					"name" : "plain[20]",
					"strict" : false
				},
				{
					"name" : "key[1][20]",
					"strict" : false
				},
				{
					"name" : "key[0][20]",
					"strict" : false
				},
				{
					"name" : "key[2][20]",
					"strict" : false
				},
				{
					"name" : "plain[85]",
					"strict" : false
				},
				{
					"name" : "plain[21]",
					"strict" : false
				},
				{
					"name" : "key[1][21]",
					"strict" : false
				},
				{
					"name" : "key[0][21]",
					"strict" : false
				},
				{
					"name" : "key[2][21]",
					"strict" : false
				},
				{
					"name" : "plain[86]",
					"strict" : false
				},
				{
					"name" : "plain[22]",
					"strict" : false
				},
				{
					"name" : "key[1][22]",
					"strict" : false
				},
				{
					"name" : "key[0][22]",
					"strict" : false
				},
				{
					"name" : "key[2][22]",
					"strict" : false
				},
				{
					"name" : "plain[87]",
					"strict" : false
				},
				{
					"name" : "plain[23]",
					"strict" : false
				},
				{
					"name" : "key[1][23]",
					"strict" : false
				},
				{
					"name" : "key[0][23]",
					"strict" : false
				},
				{
					"name" : "key[2][23]",
					"strict" : false
				},
				{
					"name" : "plain[88]",
					"strict" : false
				},
				{
					"name" : "plain[24]",
					"strict" : false
				},
				{
					"name" : "key[1][24]",
					"strict" : false
				},
				{
					"name" : "key[0][24]",
					"strict" : false
				},
				{
					"name" : "key[2][24]",
					"strict" : false
				},
				{
					"name" : "plain[89]",
					"strict" : false
				},
				{
					"name" : "plain[25]",
					"strict" : false
				},
				{
					"name" : "key[1][25]",
					"strict" : false
				},
				{
					"name" : "key[0][25]",
					"strict" : false
				},
				{
					"name" : "key[2][25]",
					"strict" : false
				},
				{
					"name" : "plain[90]",
					"strict" : false
				},
				{
					"name" : "plain[26]",
					"strict" : false
				},
				{
					"name" : "key[1][26]",
					"strict" : false
				},
				{
					"name" : "key[0][26]",
					"strict" : false
				},
				{
					"name" : "key[2][26]",
					"strict" : false
				},
				{
					"name" : "plain[91]",
					"strict" : false
				},
				{
					"name" : "plain[27]",
					"strict" : false
				},
				{
					"name" : "key[1][27]",
					"strict" : false
				},
				{
					"name" : "key[0][27]",
					"strict" : false
				},
				{
					"name" : "key[2][27]",
					"strict" : false
				},
				{
					"name" : "plain[92]",
					"strict" : false
				},
				{
					"name" : "plain[28]",
					"strict" : false
				},
				{
					"name" : "key[1][28]",
					"strict" : false
				},
				{
					"name" : "key[0][28]",
					"strict" : false
				},
				{
					"name" : "key[2][28]",
					"strict" : false
				},
				{
					"name" : "plain[93]",
					"strict" : false
				},
				{
					"name" : "plain[29]",
					"strict" : false
				},
				{
					"name" : "key[1][29]",
					"strict" : false
				},
				{
					"name" : "key[0][29]",
					"strict" : false
				},
				{
					"name" : "key[2][29]",
					"strict" : false
				},
				{
					"name" : "plain[94]",
					"strict" : false
				},
				{
					"name" : "plain[30]",
					"strict" : false
				},
				{
					"name" : "key[1][30]",
					"strict" : false
				},
				{
					"name" : "key[0][30]",
					"strict" : false
				},
				{
					"name" : "key[2][30]",
					"strict" : false
				},
				{
					"name" : "plain[95]",
					"strict" : false
				},
				{
					"name" : "plain[31]",
					"strict" : false
				},
				{
					"name" : "key[1][31]",
					"strict" : false
				},
				{
					"name" : "key[0][31]",
					"strict" : false
				},
				{
					"name" : "key[2][31]",
					"strict" : false
				},
				{
					"name" : "plain[96]",
					"strict" : false
				},
				{
					"name" : "plain[32]",
					"strict" : false
				},
				{
					"name" : "key[1][32]",
					"strict" : false
				},
				{
					"name" : "key[0][32]",
					"strict" : false
				},
				{
					"name" : "key[2][32]",
					"strict" : false
				},
				{
					"name" : "plain[97]",
					"strict" : false
				},
				{
					"name" : "plain[33]",
					"strict" : false
				},
				{
					"name" : "key[1][33]",
					"strict" : false
				},
				{
					"name" : "key[0][33]",
					"strict" : false
				},
				{
					"name" : "key[2][33]",
					"strict" : false
				},
				{
					"name" : "plain[98]",
					"strict" : false
				},
				{
					"name" : "plain[34]",
					"strict" : false
				},
				{
					"name" : "key[1][34]",
					"strict" : false
				},
				{
					"name" : "key[0][34]",
					"strict" : false
				},
				{
					"name" : "key[2][34]",
					"strict" : false
				},
				{
					"name" : "plain[99]",
					"strict" : false
				},
				{
					"name" : "plain[35]",
					"strict" : false
				},
				{
					"name" : "key[1][35]",
					"strict" : false
				},
				{
					"name" : "key[0][35]",
					"strict" : false
				},
				{
					"name" : "key[2][35]",
					"strict" : false
				},
				{
					"name" : "plain[100]",
					"strict" : false
				},
				{
					"name" : "plain[36]",
					"strict" : false
				},
				{
					"name" : "key[1][36]",
					"strict" : false
				},
				{
					"name" : "key[0][36]",
					"strict" : false
				},
				{
					"name" : "key[2][36]",
					"strict" : false
				},
				{
					"name" : "plain[101]",
					"strict" : false
				},
				{
					"name" : "plain[37]",
					"strict" : false
				},
				{
					"name" : "key[1][37]",
					"strict" : false
				},
				{
					"name" : "key[0][37]",
					"strict" : false
				},
				{
					"name" : "key[2][37]",
					"strict" : false
				},
				{
					"name" : "plain[102]",
					"strict" : false
				},
				{
					"name" : "plain[38]",
					"strict" : false
				},
				{
					"name" : "key[1][38]",
					"strict" : false
				},
				{
					"name" : "key[0][38]",
					"strict" : false
				},
				{
					"name" : "key[2][38]",
					"strict" : false
				},
				{
					"name" : "plain[103]",
					"strict" : false
				},
				{
					"name" : "plain[39]",
					"strict" : false
				},
				{
					"name" : "key[1][39]",
					"strict" : false
				},
				{
					"name" : "key[0][39]",
					"strict" : false
				},
				{
					"name" : "key[2][39]",
					"strict" : false
				},
				{
					"name" : "plain[104]",
					"strict" : false
				},
				{
					"name" : "plain[40]",
					"strict" : false
				},
				{
					"name" : "key[1][40]",
					"strict" : false
				},
				{
					"name" : "key[0][40]",
					"strict" : false
				},
				{
					"name" : "key[2][40]",
					"strict" : false
				},
				{
					"name" : "plain[105]",
					"strict" : false
				},
				{
					"name" : "plain[41]",
					"strict" : false
				},
				{
					"name" : "key[1][41]",
					"strict" : false
				},
				{
					"name" : "key[0][41]",
					"strict" : false
				},
				{
					"name" : "key[2][41]",
					"strict" : false
				},
				{
					"name" : "plain[106]",
					"strict" : false
				},
				{
					"name" : "plain[42]",
					"strict" : false
				},
				{
					"name" : "key[1][42]",
					"strict" : false
				},
				{
					"name" : "key[0][42]",
					"strict" : false
				},
				{
					"name" : "key[2][42]",
					"strict" : false
				},
				{
					"name" : "plain[107]",
					"strict" : false
				},
				{
					"name" : "plain[43]",
					"strict" : false
				},
				{
					"name" : "key[1][43]",
					"strict" : false
				},
				{
					"name" : "key[0][43]",
					"strict" : false
				},
				{
					"name" : "key[2][43]",
					"strict" : false
				},
				{
					"name" : "plain[108]",
					"strict" : false
				},
				{
					"name" : "plain[44]",
					"strict" : false
				},
				{
					"name" : "key[1][44]",
					"strict" : false
				},
				{
					"name" : "key[0][44]",
					"strict" : false
				},
				{
					"name" : "key[2][44]",
					"strict" : false
				},
				{
					"name" : "plain[109]",
					"strict" : false
				},
				{
					"name" : "plain[45]",
					"strict" : false
				},
				{
					"name" : "key[1][45]",
					"strict" : false
				},
				{
					"name" : "key[0][45]",
					"strict" : false
				},
				{
					"name" : "key[2][45]",
					"strict" : false
				},
				{
					"name" : "plain[110]",
					"strict" : false
				},
				{
					"name" : "plain[46]",
					"strict" : false
				},
				{
					"name" : "key[1][46]",
					"strict" : false
				},
				{
					"name" : "key[0][46]",
					"strict" : false
				},
				{
					"name" : "key[2][46]",
					"strict" : false
				},
				{
					"name" : "plain[111]",
					"strict" : false
				},
				{
					"name" : "plain[47]",
					"strict" : false
				},
				{
					"name" : "key[1][47]",
					"strict" : false
				},
				{
					"name" : "key[0][47]",
					"strict" : false
				},
				{
					"name" : "key[2][47]",
					"strict" : false
				},
				{
					"name" : "plain[112]",
					"strict" : false
				},
				{
					"name" : "plain[48]",
					"strict" : false
				},
				{
					"name" : "key[1][48]",
					"strict" : false
				},
				{
					"name" : "key[0][48]",
					"strict" : false
				},
				{
					"name" : "key[2][48]",
					"strict" : false
				},
				{
					"name" : "plain[113]",
					"strict" : false
				},
				{
					"name" : "plain[49]",
					"strict" : false
				},
				{
					"name" : "key[1][49]",
					"strict" : false
				},
				{
					"name" : "key[0][49]",
					"strict" : false
				},
				{
					"name" : "key[2][49]",
					"strict" : false
				},
				{
					"name" : "plain[114]",
					"strict" : false
				},
				{
					"name" : "plain[50]",
					"strict" : false
				},
				{
					"name" : "key[1][50]",
					"strict" : false
				},
				{
					"name" : "key[0][50]",
					"strict" : false
				},
				{
					"name" : "key[2][50]",
					"strict" : false
				},
				{
					"name" : "plain[115]",
					"strict" : false
				},
				{
					"name" : "plain[51]",
					"strict" : false
				},
				{
					"name" : "key[1][51]",
					"strict" : false
				},
				{
					"name" : "key[0][51]",
					"strict" : false
				},
				{
					"name" : "key[2][51]",
					"strict" : false
				},
				{
					"name" : "plain[116]",
					"strict" : false
				},
				{
					"name" : "plain[52]",
					"strict" : false
				},
				{
					"name" : "key[1][52]",
					"strict" : false
				},
				{
					"name" : "key[0][52]",
					"strict" : false
				},
				{
					"name" : "key[2][52]",
					"strict" : false
				},
				{
					"name" : "plain[117]",
					"strict" : false
				},
				{
					"name" : "plain[53]",
					"strict" : false
				},
				{
					"name" : "key[1][53]",
					"strict" : false
				},
				{
					"name" : "key[0][53]",
					"strict" : false
				},
				{
					"name" : "key[2][53]",
					"strict" : false
				},
				{
					"name" : "plain[118]",
					"strict" : false
				},
				{
					"name" : "plain[54]",
					"strict" : false
				},
				{
					"name" : "key[1][54]",
					"strict" : false
				},
				{
					"name" : "key[0][54]",
					"strict" : false
				},
				{
					"name" : "key[2][54]",
					"strict" : false
				},
				{
					"name" : "plain[119]",
					"strict" : false
				},
				{
					"name" : "plain[55]",
					"strict" : false
				},
				{
					"name" : "key[1][55]",
					"strict" : false
				},
				{
					"name" : "key[0][55]",
					"strict" : false
				},
				{
					"name" : "key[2][55]",
					"strict" : false
				},
				{
					"name" : "key[1][56]",
					"strict" : false
				},
				{
					"name" : "key[0][56]",
					"strict" : false
				},
				{
					"name" : "key[2][56]",
					"strict" : false
				},
				{
					"name" : "key[1][57]",
					"strict" : false
				},
				{
					"name" : "key[0][57]",
					"strict" : false
				},
				{
					"name" : "key[2][57]",
					"strict" : false
				},
				{
					"name" : "key[1][58]",
					"strict" : false
				},
				{
					"name" : "key[0][58]",
					"strict" : false
				},
				{
					"name" : "key[2][58]",
					"strict" : false
				},
				{
					"name" : "key[1][59]",
					"strict" : false
				},
				{
					"name" : "key[0][59]",
					"strict" : false
				},
				{
					"name" : "key[2][59]",
					"strict" : false
				},
				{
					"name" : "key[1][60]",
					"strict" : false
				},
				{
					"name" : "key[0][60]",
					"strict" : false
				},
				{
					"name" : "key[2][60]",
					"strict" : false
				},
				{
					"name" : "key[1][61]",
					"strict" : false
				},
				{
					"name" : "key[0][61]",
					"strict" : false
				},
				{
					"name" : "key[2][61]",
					"strict" : false
				},
				{
					"name" : "key[1][62]",
					"strict" : false
				},
				{
					"name" : "key[0][62]",
					"strict" : false
				},
				{
					"name" : "key[2][62]",
					"strict" : false
				},
				{
					"name" : "key[1][63]",
					"strict" : false
				},
				{
					"name" : "key[0][63]",
					"strict" : false
				},
				{
					"name" : "key[2][63]",
					"strict" : false
				},
				{
					"name" : "newData",
					"strict" : false
				},
				{
					"name" : "newKey",
					"strict" : false
				}
			]
		}
	]
}