{
	"partitions" : [
		{
			"name" : "Top",
			"pins" : [
				{
					"name" : "in_loadPKT",
					"strict" : false
				},
				{
					"name" : "in_donePKT",
					"strict" : false
				},
				{
					"name" : "out_donePKT",
					"strict" : false
				},
				{
					"name" : "out[0][0]",
					"strict" : false
				},
				{
					"name" : "out[0][1]",
					"strict" : false
				},
				{
					"name" : "out[0][2]",
					"strict" : false
				},
				{
					"name" : "out[0][3]",
					"strict" : false
				},
				{
					"name" : "out[0][4]",
					"strict" : false
				},
				{
					"name" : "out[0][5]",
					"strict" : false
				},
				{
					"name" : "out[0][6]",
					"strict" : false
				},
				{
					"name" : "out[0][7]",
					"strict" : false
				},
				{
					"name" : "out[1][0]",
					"strict" : false
				},
				{
					"name" : "out[1][1]",
					"strict" : false
				},
				{
					"name" : "out[1][2]",
					"strict" : false
				},
				{
					"name" : "out[1][3]",
					"strict" : false
				},
				{
					"name" : "out[1][4]",
					"strict" : false
				},
				{
					"name" : "out[1][5]",
					"strict" : false
				},
				{
					"name" : "out[1][6]",
					"strict" : false
				},
				{
					"name" : "out[1][7]",
					"strict" : false
				},
				{
					"name" : "out[2][0]",
					"strict" : false
				},
				{
					"name" : "out[2][1]",
					"strict" : false
				},
				{
					"name" : "out[2][2]",
					"strict" : false
				},
				{
					"name" : "out[2][3]",
					"strict" : false
				},
				{
					"name" : "out[2][4]",
					"strict" : false
				},
				{
					"name" : "out[2][5]",
					"strict" : false
				},
				{
					"name" : "out[2][6]",
					"strict" : false
				},
				{
					"name" : "out[2][7]",
					"strict" : false
				},
				{
					"name" : "out[3][0]",
					"strict" : false
				},
				{
					"name" : "out[3][1]",
					"strict" : false
				},
				{
					"name" : "out[3][2]",
					"strict" : false
				},
				{
					"name" : "out[3][3]",
					"strict" : false
				},
				{
					"name" : "out[3][4]",
					"strict" : false
				},
				{
					"name" : "out[3][5]",
					"strict" : false
				},
				{
					"name" : "out[3][6]",
					"strict" : false
				},
				{
					"name" : "out[3][7]",
					"strict" : false
				},
				{
					"name" : "out[4][0]",
					"strict" : false
				},
				{
					"name" : "out[4][1]",
					"strict" : false
				},
				{
					"name" : "out[4][2]",
					"strict" : false
				},
				{
					"name" : "out[4][3]",
					"strict" : false
				},
				{
					"name" : "out[4][4]",
					"strict" : false
				},
				{
					"name" : "out[4][5]",
					"strict" : false
				},
				{
					"name" : "out[4][6]",
					"strict" : false
				},
				{
					"name" : "out[4][7]",
					"strict" : false
				},
				{
					"name" : "out[5][0]",
					"strict" : false
				},
				{
					"name" : "out[5][1]",
					"strict" : false
				},
				{
					"name" : "out[5][2]",
					"strict" : false
				},
				{
					"name" : "out[5][3]",
					"strict" : false
				},
				{
					"name" : "out[5][4]",
					"strict" : false
				},
				{
					"name" : "out[5][5]",
					"strict" : false
				},
				{
					"name" : "out[5][6]",
					"strict" : false
				},
				{
					"name" : "out[5][7]",
					"strict" : false
				},
				{
					"name" : "out[6][0]",
					"strict" : false
				},
				{
					"name" : "out[6][1]",
					"strict" : false
				},
				{
					"name" : "out[6][2]",
					"strict" : false
				},
				{
					"name" : "out[6][3]",
					"strict" : false
				},
				{
					"name" : "out[6][4]",
					"strict" : false
				},
				{
					"name" : "out[6][5]",
					"strict" : false
				},
				{
					"name" : "out[6][6]",
					"strict" : false
				},
				{
					"name" : "out[6][7]",
					"strict" : false
				},
				{
					"name" : "out[7][0]",
					"strict" : false
				},
				{
					"name" : "out[7][1]",
					"strict" : false
				},
				{
					"name" : "out[7][2]",
					"strict" : false
				},
				{
					"name" : "out[7][3]",
					"strict" : false
				},
				{
					"name" : "out[7][4]",
					"strict" : false
				},
				{
					"name" : "out[7][5]",
					"strict" : false
				},
				{
					"name" : "out[7][6]",
					"strict" : false
				},
				{
					"name" : "out[7][7]",
					"strict" : false
				},
				{
					"name" : "out[8][0]",
					"strict" : false
				},
				{
					"name" : "out[8][1]",
					"strict" : false
				},
				{
					"name" : "out[8][2]",
					"strict" : false
				},
				{
					"name" : "out[8][3]",
					"strict" : false
				},
				{
					"name" : "out[8][4]",
					"strict" : false
				},
				{
					"name" : "out[8][5]",
					"strict" : false
				},
				{
					"name" : "out[8][6]",
					"strict" : false
				},
				{
					"name" : "out[8][7]",
					"strict" : false
				},
				{
					"name" : "out[9][0]",
					"strict" : false
				},
				{
					"name" : "out[9][1]",
					"strict" : false
				},
				{
					"name" : "out[9][2]",
					"strict" : false
				},
				{
					"name" : "out[9][3]",
					"strict" : false
				},
				{
					"name" : "out[9][4]",
					"strict" : false
				},
				{
					"name" : "out[9][5]",
					"strict" : false
				},
				{
					"name" : "out[9][6]",
					"strict" : false
				},
				{
					"name" : "out[9][7]",
					"strict" : false
				},
				{
					"name" : "clk",
					"strict" : false
				},
				{
					"name" : "nR",
					"strict" : false
				},
				{
					"name" : "out_readPKT",
					"strict" : false
				},
				{
					"name" : "in_newPKT",
					"strict" : false
				},
				{
					"name" : "in[9][5]",
					"strict" : false
				},
				{
					"name" : "in[9][7]",
					"strict" : false
				},
				{
					"name" : "in[9][6]",
					"strict" : false
				},
				{
					"name" : "in[2][0]",
					"strict" : false
				},
				{
					"name" : "in[6][0]",
					"strict" : false
				},
				{
					"name" : "in[0][0]",
					"strict" : false
				},
				{
					"name" : "in[4][0]",
					"strict" : false
				},
				{
					"name" : "in[3][6]",
					"strict" : false
				},
				{
					"name" : "in[7][6]",
					"strict" : false
				},
				{
					"name" : "in[1][6]",
					"strict" : false
				},
				{
					"name" : "in[5][6]",
					"strict" : false
				},
				{
					"name" : "in[3][7]",
					"strict" : false
				},
				{
					"name" : "in[7][7]",
					"strict" : false
				},
				{
					"name" : "in[1][7]",
					"strict" : false
				},
				{
					"name" : "in[5][7]",
					"strict" : false
				},
				{
					"name" : "in[3][0]",
					"strict" : false
				},
				{
					"name" : "in[7][0]",
					"strict" : false
				},
				{
					"name" : "in[1][0]",
					"strict" : false
				},
				{
					"name" : "in[5][0]",
					"strict" : false
				},
				{
					"name" : "in[2][1]",
					"strict" : false
				},
				{
					"name" : "in[6][1]",
					"strict" : false
				},
				{
					"name" : "in[0][1]",
					"strict" : false
				},
				{
					"name" : "in[4][1]",
					"strict" : false
				},
				{
					"name" : "in[3][1]",
					"strict" : false
				},
				{
					"name" : "in[7][1]",
					"strict" : false
				},
				{
					"name" : "in[1][1]",
					"strict" : false
				},
				{
					"name" : "in[5][1]",
					"strict" : false
				},
				{
					"name" : "in[2][2]",
					"strict" : false
				},
				{
					"name" : "in[6][2]",
					"strict" : false
				},
				{
					"name" : "in[0][2]",
					"strict" : false
				},
				{
					"name" : "in[4][2]",
					"strict" : false
				},
				{
					"name" : "in[3][2]",
					"strict" : false
				},
				{
					"name" : "in[7][2]",
					"strict" : false
				},
				{
					"name" : "in[1][2]",
					"strict" : false
				},
				{
					"name" : "in[5][2]",
					"strict" : false
				},
				{
					"name" : "in[2][3]",
					"strict" : false
				},
				{
					"name" : "in[6][3]",
					"strict" : false
				},
				{
					"name" : "in[0][3]",
					"strict" : false
				},
				{
					"name" : "in[4][3]",
					"strict" : false
				},
				{
					"name" : "in[3][3]",
					"strict" : false
				},
				{
					"name" : "in[7][3]",
					"strict" : false
				},
				{
					"name" : "in[1][3]",
					"strict" : false
				},
				{
					"name" : "in[5][3]",
					"strict" : false
				},
				{
					"name" : "in[2][4]",
					"strict" : false
				},
				{
					"name" : "in[6][4]",
					"strict" : false
				},
				{
					"name" : "in[0][4]",
					"strict" : false
				},
				{
					"name" : "in[4][4]",
					"strict" : false
				},
				{
					"name" : "in[3][4]",
					"strict" : false
				},
				{
					"name" : "in[7][4]",
					"strict" : false
				},
				{
					"name" : "in[1][4]",
					"strict" : false
				},
				{
					"name" : "in[5][4]",
					"strict" : false
				},
				{
					"name" : "in[2][5]",
					"strict" : false
				},
				{
					"name" : "in[6][5]",
					"strict" : false
				},
				{
					"name" : "in[0][5]",
					"strict" : false
				},
				{
					"name" : "in[4][5]",
					"strict" : false
				},
				{
					"name" : "in[3][5]",
					"strict" : false
				},
				{
					"name" : "in[7][5]",
					"strict" : false
				},
				{
					"name" : "in[1][5]",
					"strict" : false
				},
				{
					"name" : "in[5][5]",
					"strict" : false
				},
				{
					"name" : "in[2][6]",
					"strict" : false
				},
				{
					"name" : "in[6][6]",
					"strict" : false
				},
				{
					"name" : "in[0][6]",
					"strict" : false
				},
				{
					"name" : "in[4][6]",
					"strict" : false
				},
				{
					"name" : "in[2][7]",
					"strict" : false
				},
				{
					"name" : "in[6][7]",
					"strict" : false
				},
				{
					"name" : "in[0][7]",
					"strict" : false
				},
				{
					"name" : "in[4][7]",
					"strict" : false
				},
				{
					"name" : "in[9][0]",
					"strict" : false
				},
				{
					"name" : "in[9][1]",
					"strict" : false
				},
				{
					"name" : "in[9][2]",
					"strict" : false
				},
				{
					"name" : "in[9][3]",
					"strict" : false
				},
				{
					"name" : "in[9][4]",
					"strict" : false
				}
			]
		}
	]
}